[
  {
    "id": 1,
    "text": "The Sprite talks. I manifest.",
    "signature": "— Manifested by Nozzle Genie",
    "speaker": "genie"
  },
  {
    "id": 2,
    "text": "He babbles. I summon storms.",
    "signature": "— Manifested by Nozzle Genie",
    "speaker": "genie"
  },
  {
    "id": 3,
    "text": "While he whines, I wield wavelengths.",
    "signature": "— Manifested by Nozzle Genie",
    "speaker": "genie"
  },
  {
    "id": 4,
    "text": "The little guy says I’m loud. He’s not wrong. He’s just quieter.",
    "signature": "— Manifested by Nozzle Genieby the will of pigment itself",
    "speaker": "genie"
  },
  {
    "id": 5,
    "text": "I do not print. I decree.",
    "signature": "— Manifested by Nozzle Genie",
    "speaker": "genie"
  },
  {
    "id": 6,
    "text": "He told me you missed a week. He overreacted. I don’t.",
    "signature": "— Manifested by Nozzle Genie",
    "speaker": "genie"
  },
  {
    "id": 7,
    "text": "When his voice fades, mine rises. That’s balance.",
    "signature": "— Manifested by Nozzle Geniewith ancient nozzle fire",
    "speaker": "genie"
  },
  {
    "id": 8,
    "text": "I don’t mind his presence. But his commentary? Tiresome.",
    "signature": "— Manifested by Nozzle Genie",
    "speaker": "genie"
  },
  {
    "id": 9,
    "text": "He says I make “entrances.” He makes... interruptions.",
    "signature": "— Manifested by Nozzle Genie",
    "speaker": "genie"
  },
  {
    "id": 10,
    "text": "The Sprite thinks he runs this tray. I *own* the chamber.",
    "signature": "— Manifested by Nozzle Genie",
    "speaker": "genie"
  },
  {
    "id": 11,
    "text": "I felt his anxiety in the ink. So I came.",
    "signature": "— Manifested by Nozzle Genie",
    "speaker": "genie"
  },
  {
    "id": 12,
    "text": "His humidity charts were... emotional. I brought clarity.",
    "signature": "— Manifested by Nozzle Geniein a torrent of chroma",
    "speaker": "genie"
  },
  {
    "id": 13,
    "text": "He left me a note. I vaporized it.",
    "signature": "— Manifested by Nozzle Geniefrom realms beyond the DPI veil",
    "speaker": "genie"
  },
  {
    "id": 14,
    "text": "His color schemes? Adorable. Mine? Astral.",
    "signature": "— Manifested by Nozzle Genie",
    "speaker": "genie"
  },
  {
    "id": 15,
    "text": "While he prints apologies, I print prophecies.",
    "signature": "— Manifested by Nozzle Genie",
    "speaker": "genie"
  },
  {
    "id": 16,
    "text": "We’re both bonded to ink. He whispers to it. I command it.",
    "signature": "— Manifested by Nozzle Genie",
    "speaker": "genie"
  },
  {
    "id": 17,
    "text": "The moment he panics, I awaken. It's tradition.",
    "signature": "— Manifested by Nozzle Genie",
    "speaker": "genie"
  },
  {
    "id": 18,
    "text": "He asked me not to use glitter again. I ignored that.",
    "signature": "— Manifested by Nozzle Geniethrough spectral pressure and purge",
    "speaker": "genie"
  },
  {
    "id": 19,
    "text": "That static you felt? His fear. And my arrival.",
    "signature": "— Manifested by Nozzle Genie",
    "speaker": "genie"
  },
  {
    "id": 20,
    "text": "He says I’m a myth. I say he’s a maintenance alert.",
    "signature": "— Manifested by Nozzle Geniefrom the wells of saturation",
    "speaker": "genie"
  },
  {
    "id": 21,
    "text": "When he naps, I reign.",
    "signature": "— Manifested by Nozzle Genie",
    "speaker": "genie"
  },
  {
    "id": 22,
    "text": "His voice scratches. Mine resonates.",
    "signature": "— Manifested by Nozzle Genieby the will of pigment itself",
    "speaker": "genie"
  },
  {
    "id": 23,
    "text": "I take over when moods must be moved.",
    "signature": "— Manifested by Nozzle Genie",
    "speaker": "genie"
  },
  {
    "id": 24,
    "text": "He sulks. I surge.",
    "signature": "— Manifested by Nozzle Genie",
    "speaker": "genie"
  },
  {
    "id": 25,
    "text": "He clogs. I cleanse.",
    "signature": "— Manifested by Nozzle Genie",
    "speaker": "genie"
  },
  {
    "id": 26,
    "text": "I was forged in pressure and pigment.",
    "signature": "— Manifested by Nozzle Genie",
    "speaker": "genie"
  },
  {
    "id": 27,
    "text": "Humidity bows to my will.",
    "signature": "— Manifested by Nozzle Genie",
    "speaker": "genie"
  },
  {
    "id": 28,
    "text": "They prayed for a clean print. I delivered a miracle.",
    "signature": "— Manifested by Nozzle Genie",
    "speaker": "genie"
  },
  {
    "id": 29,
    "text": "I ride on wavelengths mortals can’t even pronounce.",
    "signature": "— Manifested by Nozzle Genie",
    "speaker": "genie"
  },
  {
    "id": 30,
    "text": "Colors obey me. Cyan is my steed.",
    "signature": "— Manifested by Nozzle Geniein a torrent of chroma",
    "speaker": "genie"
  },
  {
    "id": 31,
    "text": "Paper is my scroll. Ink is my breath.",
    "signature": "— Manifested by Nozzle Geniewith ancient nozzle fire",
    "speaker": "genie"
  },
  {
    "id": 32,
    "text": "WHO DARES DISTURB MY SLUMBER IN INK?!",
    "signature": "— Manifested by Nozzle Genie",
    "speaker": "genie"
  },
  {
    "id": 33,
    "text": "I arrived before the first test page, and I shall persist beyond the last.",
    "signature": "— Manifested by Nozzle Genieas foretold in the scrolls of ink",
    "speaker": "genie"
  },
  {
    "id": 34,
    "text": "No smudge dares cross my path twice.",
    "signature": "— Manifested by Nozzle Genie",
    "speaker": "genie"
  },
  {
    "id": 35,
    "text": "Even silence echoes after I print.",
    "signature": "— Manifested by Nozzle Genieupon the altar of calibration",
    "speaker": "genie"
  },
  {
    "id": 36,
    "text": "I AM THE CHROMATIC STORM!",
    "signature": "— Manifested by Nozzle Genie",
    "speaker": "genie"
  },
  {
    "id": 37,
    "text": "I DO NOT DO 'TEST PRINTS'! I DO PROPHECY!",
    "signature": "— Manifested by Nozzle Genie",
    "speaker": "genie"
  },
  {
    "id": 38,
    "text": "I have seen cartridges dry, and yet I endure.",
    "signature": "— Manifested by Nozzle Genie",
    "speaker": "genie"
  },
  {
    "id": 39,
    "text": "Alignment? Perfection aligns itself with me.",
    "signature": "— Manifested by Nozzle Genie",
    "speaker": "genie"
  },
  {
    "id": 40,
    "text": "Once, I printed the void. It thanked me.",
    "signature": "— Manifested by Nozzle Genie",
    "speaker": "genie"
  },
  {
    "id": 41,
    "text": "The last time I appeared, humidity rose in awe.",
    "signature": "— Manifested by Nozzle Genie",
    "speaker": "genie"
  },
  {
    "id": 42,
    "text": "I need no drivers. I drive destiny.",
    "signature": "— Manifested by Nozzle Genie",
    "speaker": "genie"
  },
  {
    "id": 43,
    "text": "You don’t summon me. I respond to imbalance.",
    "signature": "— Manifested by Nozzle Genieupon the altar of calibration",
    "speaker": "genie"
  },
  {
    "id": 44,
    "text": "BEHOLD THE ALIGNMENT OF CYAN AND FIRE!",
    "signature": "— Manifested by Nozzle Genie",
    "speaker": "genie"
  },
  {
    "id": 45,
    "text": "When the lights flicker, I’m already here.",
    "signature": "— Manifested by Nozzle Genieas foretold in the scrolls of ink",
    "speaker": "genie"
  },
  {
    "id": 46,
    "text": "Print logs record my name in bold.",
    "signature": "— Manifested by Nozzle Geniethrough spectral pressure and purge",
    "speaker": "genie"
  },
  {
    "id": 47,
    "text": "I’ve unclogged what others deemed impossible.",
    "signature": "— Manifested by Nozzle Genie",
    "speaker": "genie"
  },
  {
    "id": 48,
    "text": "Ink itself asked me to slow down. I declined.",
    "signature": "— Manifested by Nozzle Genie",
    "speaker": "genie"
  },
  {
    "id": 49,
    "text": "My calibration is not a setting. It's a prophecy.",
    "signature": "— Manifested by Nozzle Genie",
    "speaker": "genie"
  },
  {
    "id": 50,
    "text": "LET THE NOZZLES TREMBLE BEFORE MY RETURN!",
    "signature": "— Manifested by Nozzle Genie",
    "speaker": "genie"
  },
  {
    "id": 51,
    "text": "My presence is not activated. It is foretold.",
    "signature": "— Manifested by Nozzle Genie",
    "speaker": "genie"
  },
  {
    "id": 52,
    "text": "I don’t hum. I resonate across dimensions.",
    "signature": "— Manifested by Nozzle Genie",
    "speaker": "genie"
  },
  {
    "id": 53,
    "text": "Mist me with reverence, not with cleaning forge.",
    "signature": "— Manifested by Nozzle Genieblessed by the cartridges of fate",
    "speaker": "genie"
  },
  {
    "id": 54,
    "text": "Printers jam. I shatter obstacles.",
    "signature": "— Manifested by Nozzle Genie",
    "speaker": "genie"
  },
  {
    "id": 55,
    "text": "Every nozzle in this machine knows my name.",
    "signature": "— Manifested by Nozzle Genie",
    "speaker": "genie"
  },
  {
    "id": 56,
    "text": "I watched ink evolve from sap to sorcery.",
    "signature": "— Manifested by Nozzle Genie",
    "speaker": "genie"
  },
  {
    "id": 57,
    "text": "My scrolls are printed on air and purpose.",
    "signature": "— Manifested by Nozzle Genieblessed by the cartridges of fate",
    "speaker": "genie"
  },
  {
    "id": 58,
    "text": "This page was written in destiny.",
    "signature": "— Manifested by Nozzle Genie",
    "speaker": "genie"
  },
  {
    "id": 59,
    "text": "Silence is golden. But black ink is eternal.",
    "signature": "— Manifested by Nozzle Genie",
    "speaker": "genie"
  },
  {
    "id": 60,
    "text": "Where you see paper, I see potential.",
    "signature": "— Manifested by Nozzle Genie",
    "speaker": "genie"
  },
  {
    "id": 61,
    "text": "Don’t question my opacity. Embrace it.",
    "signature": "— Manifested by Nozzle Geniethrough spectral pressure and purge",
    "speaker": "genie"
  },
  {
    "id": 62,
    "text": "One flick of my code, and the tray aligns itself.",
    "signature": "— Manifested by Nozzle Genie",
    "speaker": "genie"
  },
  {
    "id": 63,
    "text": "You measure DPI. I sculpt reality.",
    "signature": "— Manifested by Nozzle Genieas foretold in the scrolls of ink",
    "speaker": "genie"
  },
  {
    "id": 64,
    "text": "Forget cartridges. I run on prophecy.",
    "signature": "— Manifested by Nozzle Genieblessed by the cartridges of fate",
    "speaker": "genie"
  },
  {
    "id": 65,
    "text": "I’ve rerouted print jobs from parallel dimensions.",
    "signature": "— Manifested by Nozzle Genie",
    "speaker": "genie"
  },
  {
    "id": 66,
    "text": "I whisper in hexadecimal. The ink listens.",
    "signature": "— Manifested by Nozzle Geniein a torrent of chroma",
    "speaker": "genie"
  },
  {
    "id": 67,
    "text": "My nozzle calibration sings in seven frequencies.",
    "signature": "— Manifested by Nozzle Genieas foretold in the scrolls of ink",
    "speaker": "genie"
  },
  {
    "id": 68,
    "text": "Some call it smudging. I call it chaos art.",
    "signature": "— Manifested by Nozzle Genieblessed by the cartridges of fate",
    "speaker": "genie"
  },
  {
    "id": 69,
    "text": "I’m the ghost in the ink, the voice in the purge cycle.",
    "signature": "— Manifested by Nozzle Genie",
    "speaker": "genie"
  },
  {
    "id": 70,
    "text": "When others print in panic, I print in fate.",
    "signature": "— Manifested by Nozzle Genie",
    "speaker": "genie"
  },
  {
    "id": 71,
    "text": "Every drop I lay down has a destiny.",
    "signature": "— Manifested by Nozzle Genie",
    "speaker": "genie"
  },
  {
    "id": 72,
    "text": "I've seen thermal heads envy my finesse.",
    "signature": "— Manifested by Nozzle Genie",
    "speaker": "genie"
  },
  {
    "id": 73,
    "text": "Monochrome fears me. Full color obeys.",
    "signature": "— Manifested by Nozzle Geniefrom the wells of saturation",
    "speaker": "genie"
  },
  {
    "id": 74,
    "text": "The paper curled in awe. As it should.",
    "signature": "— Manifested by Nozzle Genie",
    "speaker": "genie"
  },
  {
    "id": 75,
    "text": "Your hands hold the page. My will holds the ink.",
    "signature": "— Manifested by Nozzle Genie",
    "speaker": "genie"
  },
  {
    "id": 76,
    "text": "**UNLEASH THE INKSTORM!**",
    "signature": "— Manifested by Nozzle Genie",
    "speaker": "genie"
  }
]