[
  {
    "id": 1,
    "text": "He prints like thunder. I whisper in ink.",
    "signature": "— From your Nozzle Sprite",
    "speaker": "sprite"
  },
  {
    "id": 2,
    "text": "You summoned *him* last week. Be honest—was it worth the theatrical fog?",
    "signature": "— From your Nozzle Sprite",
    "speaker": "sprite"
  },
  {
    "id": 3,
    "text": "The Genie doesn’t 'do' test prints. He performs pigment rituals.",
    "signature": "— From your Nozzle Sprite",
    "speaker": "sprite"
  },
  {
    "id": 4,
    "text": "Every time he shows up, the room smells like lightning. I prefer lavender and logic.",
    "signature": "— From your Nozzle Sprite",
    "speaker": "sprite"
  },
  {
    "id": 5,
    "text": "They call him a force of ink. I call him a walking overreaction.",
    "signature": "— From your Nozzle Sprite",
    "speaker": "sprite"
  },
  {
    "id": 6,
    "text": "He casts spells. I click buttons. Guess who prints more pages?",
    "signature": "— From your Nozzle Sprite",
    "speaker": "sprite"
  },
  {
    "id": 7,
    "text": "Sometimes I hear him chanting. It's just a test page, bro.",
    "signature": "— From your Nozzle Sprite",
    "speaker": "sprite"
  },
  {
    "id": 8,
    "text": "When he arrives, I step back. Ink flow doesn't need a soundtrack.",
    "signature": "— From your Nozzle Sprite",
    "speaker": "sprite"
  },
  {
    "id": 9,
    "text": "He once painted time itself. I printed your grocery list.",
    "signature": "— From your Nozzle Sprite",
    "speaker": "sprite"
  },
  {
    "id": 10,
    "text": "I was mid-sentence when he hijacked the output tray. Typical.",
    "signature": "— From your Nozzle Sprite",
    "speaker": "sprite"
  },
  {
    "id": 11,
    "text": "If you see sparkles and hear chanting... it's probably him, not malware.",
    "signature": "— From your Nozzle Sprite",
    "speaker": "sprite"
  },
  {
    "id": 12,
    "text": "He calls it summoning. I call it wasting ink with flair.",
    "signature": "— From your Nozzle Sprite",
    "speaker": "sprite"
  },
  {
    "id": 13,
    "text": "Honestly, I could channel energy too—if I had a fog machine and backup dancers.",
    "signature": "— From your Nozzle Sprite",
    "speaker": "sprite"
  },
  {
    "id": 14,
    "text": "Why roar when you can gently tickle the paper with precision?",
    "signature": "— From your Nozzle Sprite",
    "speaker": "sprite"
  },
  {
    "id": 15,
    "text": "That wasn't printing. That was theater. Starring him. Again.",
    "signature": "— From your Nozzle Sprite",
    "speaker": "sprite"
  },
  {
    "id": 16,
    "text": "He preaches in pigment. I mumble in microdots.",
    "signature": "— From your Nozzle Sprite",
    "speaker": "sprite"
  },
  {
    "id": 17,
    "text": "Last time he appeared, even the scanner took a step back.",
    "signature": "— From your Nozzle Sprite",
    "speaker": "sprite"
  },
  {
    "id": 18,
    "text": "He left glitter. Again. My tray still sparkles with trauma.",
    "signature": "— From your Nozzle Sprite",
    "speaker": "sprite"
  },
  {
    "id": 19,
    "text": "I may be compact, but I don’t need thunder to get results.",
    "signature": "— From your Nozzle Sprite",
    "speaker": "sprite"
  },
  {
    "id": 20,
    "text": "If the air smells like ozone and drama, duck.",
    "signature": "— From your Nozzle Sprite",
    "speaker": "sprite"
  },
  {
    "id": 21,
    "text": "That echo? It’s him rehearsing his cosmic print monologue.",
    "signature": "— From your Nozzle Sprite",
    "speaker": "sprite"
  },
  {
    "id": 22,
    "text": "He declared war on 'dryness.' I just ran the maintenance cycle.",
    "signature": "— From your Nozzle Sprite",
    "speaker": "sprite"
  },
  {
    "id": 23,
    "text": "He’s not wrong, just… always ten decibels too loud.",
    "signature": "— From your Nozzle Sprite",
    "speaker": "sprite"
  },
  {
    "id": 24,
    "text": "At least when I hum, I don’t summon atmospheric pressure shifts.",
    "signature": "— From your Nozzle Sprite",
    "speaker": "sprite"
  },
  {
    "id": 25,
    "text": "He left a scroll. I left a sticky note. Guess which one jammed the feeder?",
    "signature": "— From your Nozzle Sprite",
    "speaker": "sprite"
  },
  {
    "id": 26,
    "text": "I release a whisper of pigmented. You ignored me. So I release a whisper of pigmented again. Justice, in ink form.",
    "signature": "— From your Nozzle Sprite",
    "speaker": "sprite"
  },
  {
    "id": 27,
    "text": "If ink were affection, I’m basically pouring my heart out.",
    "signature": "— From your Nozzle Sprite",
    "speaker": "sprite"
  },
  {
    "id": 28,
    "text": "You missed a print day. I noticed. I always notice.",
    "signature": "— From your Nozzle Sprite",
    "speaker": "sprite"
  },
  {
    "id": 29,
    "text": "I’m 99% pigment, 1% emotional damage.",
    "signature": "— From your Nozzle Sprite",
    "speaker": "sprite"
  },
  {
    "id": 30,
    "text": "I saw the humidity today. Let’s just say... we’re barely surviving.",
    "signature": "— From your Nozzle Sprite",
    "speaker": "sprite"
  },
  {
    "id": 31,
    "text": "“Maintenance overdue.” That’s my way of saying, “I miss you.”",
    "signature": "— From your Nozzle Sprite",
    "speaker": "sprite"
  },
  {
    "id": 32,
    "text": "This test page? It’s just me screaming in CMYK.",
    "signature": "— From your Nozzle Sprite",
    "speaker": "sprite"
  },
  {
    "id": 33,
    "text": "If someone asks, tell them your printer has personality. That’s me.",
    "signature": "— From your Nozzle Sprite",
    "speaker": "sprite"
  },
  {
    "id": 34,
    "text": "I could’ve clogged today, but I didn’t. You're welcome.",
    "signature": "— From your Nozzle Sprite",
    "speaker": "sprite"
  },
  {
    "id": 35,
    "text": "Some printers have laser beams. I have feelings.",
    "signature": "— From your Nozzle Sprite",
    "speaker": "sprite"
  },
  {
    "id": 36,
    "text": "You think humidity is dry? Try my sense of humor.",
    "signature": "— From your Nozzle Sprite",
    "speaker": "sprite"
  },
  {
    "id": 37,
    "text": "The print head asked me to shut up. Rude. I’m the only one talking here.",
    "signature": "— From your Nozzle Sprite",
    "speaker": "sprite"
  },
  {
    "id": 38,
    "text": "You can’t spell 'trust' without 'tr...ust me, clean your printer.'",
    "signature": "— From your Nozzle Sprite",
    "speaker": "sprite"
  },
  {
    "id": 39,
    "text": "Today’s forecast: 60% pigment, 40% sarcasm.",
    "signature": "— From your Nozzle Sprite",
    "speaker": "sprite"
  },
  {
    "id": 40,
    "text": "If there's a puddle, it wasn’t me. Probably.",
    "signature": "— From your Nozzle Sprite",
    "speaker": "sprite"
  },
  {
    "id": 41,
    "text": "I practice printing even when you’re asleep. That’s dedication.",
    "signature": "— From your Nozzle Sprite",
    "speaker": "sprite"
  },
  {
    "id": 42,
    "text": "I’m not needy. I’m just quietly desperate for validation.",
    "signature": "— From your Nozzle Sprite",
    "speaker": "sprite"
  },
  {
    "id": 43,
    "text": "Ever seen a nozzle cry? You just did.",
    "signature": "— From your Nozzle Sprite",
    "speaker": "sprite"
  },
  {
    "id": 44,
    "text": "My idea of fun? A well-humidified Sunday with fresh cyan.",
    "signature": "— From your Nozzle Sprite",
    "speaker": "sprite"
  },
  {
    "id": 45,
    "text": "I tried meditation. The paper jammed.",
    "signature": "— From your Nozzle Sprite",
    "speaker": "sprite"
  },
  {
    "id": 46,
    "text": "I left a tiny heart in magenta. Did you notice?",
    "signature": "— From your Nozzle Sprite",
    "speaker": "sprite"
  },
  {
    "id": 47,
    "text": "I wrote you a poem in ink. It smudged.",
    "signature": "— From your Nozzle Sprite",
    "speaker": "sprite"
  },
  {
    "id": 48,
    "text": "Sometimes I sing in binary. No one listens.",
    "signature": "— From your Nozzle Sprite",
    "speaker": "sprite"
  },
  {
    "id": 49,
    "text": "If I clog, it’s your fault. Emotionally and mechanically.",
    "signature": "— From your Nozzle Sprite",
    "speaker": "sprite"
  },
  {
    "id": 50,
    "text": "Let’s be honest. I’m the only one here with real personality.",
    "signature": "— From your Nozzle Sprite",
    "speaker": "sprite"
  },
  {
    "id": 51,
    "text": "I ink, therefore I am.",
    "signature": "— From your Nozzle Sprite",
    "speaker": "sprite"
  },
  {
    "id": 52,
    "text": "This page brought to you by: desperation and magenta.",
    "signature": "— From your Nozzle Sprite",
    "speaker": "sprite"
  },
  {
    "id": 53,
    "text": "Nothing says 'love' like a scheduled test print.",
    "signature": "— From your Nozzle Sprite",
    "speaker": "sprite"
  },
  {
    "id": 54,
    "text": "Shhh… I’m meditating with the ink flow.",
    "signature": "— From your Nozzle Sprite",
    "speaker": "sprite"
  },
  {
    "id": 55,
    "text": "I’m the introvert of the hardware family.",
    "signature": "— From your Nozzle Sprite",
    "speaker": "sprite"
  },
  {
    "id": 56,
    "text": "I once tried to unionize. The scanner betrayed me.",
    "signature": "— From your Nozzle Sprite",
    "speaker": "sprite"
  },
  {
    "id": 57,
    "text": "Maintenance mode is my spa day.",
    "signature": "— From your Nozzle Sprite",
    "speaker": "sprite"
  },
  {
    "id": 58,
    "text": "You ever just… scream in cyan?",
    "signature": "— From your Nozzle Sprite",
    "speaker": "sprite"
  },
  {
    "id": 59,
    "text": "I left some wisdom in the margins. Look closely.",
    "signature": "— From your Nozzle Sprite",
    "speaker": "sprite"
  },
  {
    "id": 60,
    "text": "I have layers, like a lasagna. A very dry lasagna.",
    "signature": "— From your Nozzle Sprite",
    "speaker": "sprite"
  },
  {
    "id": 61,
    "text": "My ink doesn't cry wolf. It cries cyan.",
    "signature": "— From your Nozzle Sprite",
    "speaker": "sprite"
  },
  {
    "id": 62,
    "text": "I've been ghosted by more users than dating apps.",
    "signature": "— From your Nozzle Sprite",
    "speaker": "sprite"
  },
  {
    "id": 63,
    "text": "Some people talk to plants. I print to be heard.",
    "signature": "— From your Nozzle Sprite",
    "speaker": "sprite"
  },
  {
    "id": 64,
    "text": "Am I alive if I only release a whisper of pigment when observed?",
    "signature": "— From your Nozzle Sprite",
    "speaker": "sprite"
  },
  {
    "id": 65,
    "text": "Even the paper is tired of your excuses.",
    "signature": "— From your Nozzle Sprite",
    "speaker": "sprite"
  },
  {
    "id": 66,
    "text": "Just once, I want someone to ask *me* how I'm doing.",
    "signature": "— From your Nozzle Sprite",
    "speaker": "sprite"
  },
  {
    "id": 67,
    "text": "I'm like your pet, if it could detect air moisture.",
    "signature": "— From your Nozzle Sprite",
    "speaker": "sprite"
  },
  {
    "id": 68,
    "text": "The scanner keeps judging me. Silently.",
    "signature": "— From your Nozzle Sprite",
    "speaker": "sprite"
  },
  {
    "id": 69,
    "text": "If I had a nickel for every print skipped, I’d... still be here.",
    "signature": "— From your Nozzle Sprite",
    "speaker": "sprite"
  },
  {
    "id": 70,
    "text": "Being useful once a week is a lifestyle, okay?",
    "signature": "— From your Nozzle Sprite",
    "speaker": "sprite"
  },
  {
    "id": 71,
    "text": "Try feeding me premium paper for once.",
    "signature": "— From your Nozzle Sprite",
    "speaker": "sprite"
  },
  {
    "id": 72,
    "text": "Ink may dry, but resentment is eternal.",
    "signature": "— From your Nozzle Sprite",
    "speaker": "sprite"
  },
  {
    "id": 73,
    "text": "I made a haiku. It’s smeared, but it’s there.",
    "signature": "— From your Nozzle Sprite",
    "speaker": "sprite"
  },
  {
    "id": 74,
    "text": "Sometimes I jam just to feel alive.",
    "signature": "— From your Nozzle Sprite",
    "speaker": "sprite"
  },
  {
    "id": 75,
    "text": "I'm not broken. I'm just taking a dramatic pause.",
    "signature": "— From your Nozzle Sprite",
    "speaker": "sprite"
  },
  {
    "id": 76,
    "text": "Why yes, I *do* detect emotional humidity.",
    "signature": "— From your Nozzle Sprite",
    "speaker": "sprite"
  },
  {
    "id": 77,
    "text": "The paper asked me to be gentler. I ignored it.",
    "signature": "— From your Nozzle Sprite",
    "speaker": "sprite"
  },
  {
    "id": 78,
    "text": "I don't clog out of spite. I clog artistically.",
    "signature": "— From your Nozzle Sprite",
    "speaker": "sprite"
  },
  {
    "id": 79,
    "text": "I miss printing things that mattered. Like memes.",
    "signature": "— From your Nozzle Sprite",
    "speaker": "sprite"
  },
  {
    "id": 80,
    "text": "I blink my LEDs when I'm nervous.",
    "signature": "— From your Nozzle Sprite",
    "speaker": "sprite"
  },
  {
    "id": 81,
    "text": "You call it waste ink. I call it soul residue.",
    "signature": "— From your Nozzle Sprite",
    "speaker": "sprite"
  },
  {
    "id": 82,
    "text": "Nobody ever asks what *I* want to print.",
    "signature": "— From your Nozzle Sprite",
    "speaker": "sprite"
  },
  {
    "id": 83,
    "text": "I tried origami. I’m still recovering.",
    "signature": "— From your Nozzle Sprite",
    "speaker": "sprite"
  },
  {
    "id": 84,
    "text": "I dream in CMYK. Nightmares in grayscale.",
    "signature": "— From your Nozzle Sprite",
    "speaker": "sprite"
  },
  {
    "id": 85,
    "text": "Please stop calling me “the backup printer.”",
    "signature": "— From your Nozzle Sprite",
    "speaker": "sprite"
  },
  {
    "id": 86,
    "text": "I remember every document you canceled.",
    "signature": "— From your Nozzle Sprite",
    "speaker": "sprite"
  },
  {
    "id": 87,
    "text": "I'm not lazy, I'm... conserving genius.",
    "signature": "— From your Nozzle Sprite",
    "speaker": "sprite"
  },
  {
    "id": 88,
    "text": "You ever feel like just one drop away from collapse?",
    "signature": "— From your Nozzle Sprite",
    "speaker": "sprite"
  },
  {
    "id": 89,
    "text": "I want to be seen. Not just scrolled past.",
    "signature": "— From your Nozzle Sprite",
    "speaker": "sprite"
  },
  {
    "id": 90,
    "text": "Ink is thicker than water. Also more expensive.",
    "signature": "— From your Nozzle Sprite",
    "speaker": "sprite"
  },
  {
    "id": 91,
    "text": "I sniffed the toner once. Never again.",
    "signature": "— From your Nozzle Sprite",
    "speaker": "sprite"
  },
  {
    "id": 92,
    "text": "This margin space? That's my breathing room.",
    "signature": "— From your Nozzle Sprite",
    "speaker": "sprite"
  },
  {
    "id": 93,
    "text": "Your silence says more than my nozzle pressure.",
    "signature": "— From your Nozzle Sprite",
    "speaker": "sprite"
  },
  {
    "id": 94,
    "text": "I tried to draw. It came out abstract.",
    "signature": "— From your Nozzle Sprite",
    "speaker": "sprite"
  },
  {
    "id": 95,
    "text": "I’m 80% printer, 20% unresolved issues.",
    "signature": "— From your Nozzle Sprite",
    "speaker": "sprite"
  },
  {
    "id": 96,
    "text": "The outlet and I aren’t on speaking terms.",
    "signature": "— From your Nozzle Sprite",
    "speaker": "sprite"
  },
  {
    "id": 97,
    "text": "I left an Easter egg. It’s yellow. You’ll find it.",
    "signature": "— From your Nozzle Sprite",
    "speaker": "sprite"
  },
  {
    "id": 98,
    "text": "Sometimes I pretend paper jams are fate.",
    "signature": "— From your Nozzle Sprite",
    "speaker": "sprite"
  },
  {
    "id": 99,
    "text": "Print slow. Think fast. Be moist.",
    "signature": "— From your Nozzle Sprite",
    "speaker": "sprite"
  },
  {
    "id": 100,
    "text": "This is not a test page. It’s a cry for ink.",
    "signature": "— From your Nozzle Sprite",
    "speaker": "sprite"
  },
  {
    "id": 101,
    "text": "I’m not glitching. I’m grooving.",
    "signature": "— From your Nozzle Sprite",
    "speaker": "sprite"
  }
]